-- IM系统测试数据
-- 创建时间: 2025-12-31

-- ============================================
-- 用户测试数据 (20条)
-- ============================================
INSERT INTO `im_user` (`id`, `username`, `password`, `nickname`, `email`, `phone`, `avatar`, `status`, `create_time`, `update_time`) VALUES
(1001, 'zhangsan', '$2a$10$N.zmdr9k7uOCQb376NoUnuTJ8iAt6Z5EHsM8lE9lBOsl7iKTVKIUi', '张三', 'zhangsan@example.com', '13800138001', '/avatar/1001.jpg', 'ACTIVE', '2024-01-01 10:00:00', '2024-12-31 10:00:00'),
(1002, 'lisi', '$2a$10$N.zmdr9k7uOCQb376NoUnuTJ8iAt6Z5EHsM8lE9lBOsl7iKTVKIUi', '李四', 'lisi@example.com', '13800138002', '/avatar/1002.jpg', 'ACTIVE', '2024-01-02 10:00:00', '2024-12-31 10:00:00'),
(1003, 'wangwu', '$2a$10$N.zmdr9k7uOCQb376NoUnuTJ8iAt6Z5EHsM8lE9lBOsl7iKTVKIUi', '王五', 'wangwu@example.com', '13800138003', '/avatar/1003.jpg', 'ACTIVE', '2024-01-03 10:00:00', '2024-12-31 10:00:00'),
(1004, 'zhaoliu', '$2a$10$N.zmdr9k7uOCQb376NoUnuTJ8iAt6Z5EHsM8lE9lBOsl7iKTVKIUi', '赵六', 'zhaoliu@example.com', '13800138004', '/avatar/1004.jpg', 'OFFLINE', '2024-01-04 10:00:00', '2024-12-30 15:30:00'),
(1005, 'qianqi', '$2a$10$N.zmdr9k7uOCQb376NoUnuTJ8iAt6Z5EHsM8lE9lBOsl7iKTVKIUi', '钱七', 'qianqi@example.com', '13800138005', '/avatar/1005.jpg', 'ACTIVE', '2024-01-05 10:00:00', '2024-12-31 10:00:00'),
(1006, 'sunba', '$2a$10$N.zmdr9k7uOCQb376NoUnuTJ8iAt6Z5EHsM8lE9lBOsl7iKTVKIUi', '孙八', 'sunba@example.com', '13800138006', '/avatar/1006.jpg', 'ACTIVE', '2024-01-06 10:00:00', '2024-12-31 10:00:00'),
(1007, 'zhoujiu', '$2a$10$N.zmdr9k7uOCQb376NoUnuTJ8iAt6Z5EHsM8lE9lBOsl7iKTVKIUi', '周九', 'zhoujiu@example.com', '13800138007', '/avatar/1007.jpg', 'OFFLINE', '2024-01-07 10:00:00', '2024-12-29 20:00:00'),
(1008, 'wushi', '$2a$10$N.zmdr9k7uOCQb376NoUnuTJ8iAt6Z5EHsM8lE9lBOsl7iKTVKIUi', '吴十', 'wushi@example.com', '13800138008', '/avatar/1008.jpg', 'ACTIVE', '2024-01-08 10:00:00', '2024-12-31 10:00:00'),
(1009, 'zhengshiyi', '$2a$10$N.zmdr9k7uOCQb376NoUnuTJ8iAt6Z5EHsM8lE9lBOsl7iKTVKIUi', '郑十一', 'zhengshiyi@example.com', '13800138009', '/avatar/1009.jpg', 'ACTIVE', '2024-01-09 10:00:00', '2024-12-31 10:00:00'),
(1010, 'wangshier', '$2a$10$N.zmdr9k7uOCQb376NoUnuTJ8iAt6Z5EHsM8lE9lBOsl7iKTVKIUi', '王十二', 'wangshier@example.com', '13800138010', '/avatar/1010.jpg', 'OFFLINE', '2024-01-10 10:00:00', '2024-12-28 18:00:00'),
(1011, 'fengshisan', '$2a$10$N.zmdr9k7uOCQb376NoUnuTJ8iAt6Z5EHsM8lE9lBOsl7iKTVKIUi', '冯十三', 'fengshisan@example.com', '13800138011', '/avatar/1011.jpg', 'ACTIVE', '2024-01-11 10:00:00', '2024-12-31 10:00:00'),
(1012, 'chenshisi', '$2a$10$N.zmdr9k7uOCQb376NoUnuTJ8iAt6Z5EHsM8lE9lBOsl7iKTVKIUi', '陈十四', 'chenshisi@example.com', '13800138012', '/avatar/1012.jpg', 'ACTIVE', '2024-01-12 10:00:00', '2024-12-31 10:00:00'),
(1013, 'chushiwu', '$2a$10$N.zmdr9k7uOCQb376NoUnuTJ8iAt6Z5EHsM8lE9lBOsl7iKTVKIUi', '楚十五', 'chushiwu@example.com', '13800138013', '/avatar/1013.jpg', 'OFFLINE', '2024-01-13 10:00:00', '2024-12-27 22:00:00'),
(1014, 'weishiliu', '$2a$10$N.zmdr9k7uOCQb376NoUnuTJ8iAt6Z5EHsM8lE9lBOsl7iKTVKIUi', '魏十六', 'weishiliu@example.com', '13800138014', '/avatar/1014.jpg', 'ACTIVE', '2024-01-14 10:00:00', '2024-12-31 10:00:00'),
(1015, 'jiangshiqi', '$2a$10$N.zmdr9k7uOCQb376NoUnuTJ8iAt6Z5EHsM8lE9lBOsl7iKTVKIUi', '蒋十七', 'jiangshiqi@example.com', '13800138015', '/avatar/1015.jpg', 'ACTIVE', '2024-01-15 10:00:00', '2024-12-31 10:00:00'),
(1016, 'shenshiba', '$2a$10$N.zmdr9k7uOCQb376NoUnuTJ8iAt6Z5EHsM8lE9lBOsl7iKTVKIUi', '沈十八', 'shenshiba@example.com', '13800138016', '/avatar/1016.jpg', 'OFFLINE', '2024-01-16 10:00:00', '2024-12-26 16:00:00'),
(1017, 'hanshijiu', '$2a$10$N.zmdr9k7uOCQb376NoUnuTJ8iAt6Z5EHsM8lE9lBOsl7iKTVKIUi', '韩十九', 'hanshijiu@example.com', '13800138017', '/avatar/1017.jpg', 'ACTIVE', '2024-01-17 10:00:00', '2024-12-31 10:00:00'),
(1018, 'yangershi', '$2a$10$N.zmdr9k7uOCQb376NoUnuTJ8iAt6Z5EHsM8lE9lBOsl7iKTVKIUi', '杨二十', 'yangershi@example.com', '13800138018', '/avatar/1018.jpg', 'ACTIVE', '2024-01-18 10:00:00', '2024-12-31 10:00:00'),
(1019, 'zhueryiyi', '$2a$10$N.zmdr9k7uOCQb376NoUnuTJ8iAt6Z5EHsM8lE9lBOsl7iKTVKIUi', '朱二十一', 'zhueryiyi@example.com', '13800138019', '/avatar/1019.jpg', 'OFFLINE', '2024-01-19 10:00:00', '2024-12-25 14:00:00'),
(1020, 'qinerer', '$2a$10$N.zmdr9k7uOCQb376NoUnuTJ8iAt6Z5EHsM8lE9lBOsl7iKTVKIUi', '秦二十二', 'qinerer@example.com', '13800138020', '/avatar/1020.jpg', 'ACTIVE', '2024-01-20 10:00:00', '2024-12-31 10:00:00');

-- ============================================
-- 好友关系测试数据
-- ============================================
INSERT INTO `im_friend` (`id`, `user_id`, `friend_user_id`, `alias`, `remark`, `status`, `create_time`, `update_time`) VALUES
(1, 1001, 1002, '老李', '同事', 'NORMAL', '2024-01-15 10:00:00', '2024-12-31 10:00:00'),
(2, 1001, 1003, '小王', '同学', 'NORMAL', '2024-01-16 10:00:00', '2024-12-31 10:00:00'),
(3, 1001, 1004, '老赵', '家人', 'NORMAL', '2024-01-17 10:00:00', '2024-12-31 10:00:00'),
(4, 1002, 1001, '老张', '同事', 'NORMAL', '2024-01-15 10:00:00', '2024-12-31 10:00:00'),
(5, 1002, 1005, '小钱', '朋友', 'NORMAL', '2024-01-18 10:00:00', '2024-12-31 10:00:00'),
(6, 1003, 1001, '老张', '同学', 'NORMAL', '2024-01-16 10:00:00', '2024-12-31 10:00:00'),
(7, 1003, 1006, '小孙', '同事', 'NORMAL', '2024-01-19 10:00:00', '2024-12-31 10:00:00'),
(8, 1004, 1001, '小张', '家人', 'NORMAL', '2024-01-17 10:00:00', '2024-12-31 10:00:00'),
(9, 1005, 1002, '小李', '朋友', 'NORMAL', '2024-01-18 10:00:00', '2024-12-31 10:00:00'),
(10, 1006, 1003, '老王', '同事', 'NORMAL', '2024-01-19 10:00:00', '2024-12-31 10:00:00'),
(11, 1001, 1007, NULL, '同学', 'NORMAL', '2024-12-30 10:00:00', '2024-12-30 10:00:00'),
(12, 1007, 1001, NULL, NULL, 'NORMAL', '2024-12-30 10:00:00', '2024-12-30 10:00:00'),
(13, 1008, 1009, '老郑', '同事', 'NORMAL', '2024-02-01 10:00:00', '2024-12-31 10:00:00'),
(14, 1009, 1008, '小吴', '同事', 'NORMAL', '2024-02-01 10:00:00', '2024-12-31 10:00:00'),
(15, 1010, 1011, '老冯', '朋友', 'NORMAL', '2024-02-02 10:00:00', '2024-12-31 10:00:00');

-- ============================================
-- 群组测试数据
-- ============================================
INSERT INTO `im_group` (`id`, `name`, `owner_id`, `announcement`, `avatar`, `status`, `member_count`, `create_time`, `update_time`) VALUES
(1, '技术交流群', 1001, '技术交流与学习', '/group/1.jpg', 'NORMAL', 8, '2024-01-20 10:00:00', '2024-12-31 10:00:00'),
(2, '项目开发组', 1002, '项目开发讨论', '/group/2.jpg', 'NORMAL', 6, '2024-01-21 10:00:00', '2024-12-31 10:00:00'),
(3, '同学聚会群', 1003, '同学交流', '/group/3.jpg', 'NORMAL', 5, '2024-01-22 10:00:00', '2024-12-31 10:00:00'),
(4, '家庭群', 1004, '家人交流', '/group/4.jpg', 'NORMAL', 4, '2024-01-23 10:00:00', '2024-12-31 10:00:00'),
(5, '兴趣爱好群', 1005, '兴趣爱好分享', '/group/5.jpg', 'NORMAL', 5, '2024-01-24 10:00:00', '2024-12-31 10:00:00');

-- ============================================
-- 群组成员测试数据
-- ============================================
INSERT INTO `im_group_member` (`id`, `group_id`, `user_id`, `role`, `nickname`, `joined_time`) VALUES
(1, 1, 1001, 'OWNER', '群主张三', '2024-01-20 10:00:00'),
(2, 1, 1002, 'ADMIN', '管理员李四', '2024-01-20 11:00:00'),
(3, 1, 1003, 'MEMBER', '王五', '2024-01-20 12:00:00'),
(4, 1, 1004, 'MEMBER', '赵六', '2024-01-20 13:00:00'),
(5, 1, 1005, 'MEMBER', '钱七', '2024-01-20 14:00:00'),
(6, 1, 1006, 'MEMBER', '孙八', '2024-01-20 15:00:00'),
(7, 1, 1007, 'MEMBER', '周九', '2024-01-20 16:00:00'),
(8, 1, 1008, 'MEMBER', '吴十', '2024-01-20 17:00:00'),
(9, 2, 1002, 'OWNER', '群主李四', '2024-01-21 10:00:00'),
(10, 2, 1001, 'ADMIN', '张三', '2024-01-21 11:00:00'),
(11, 2, 1003, 'MEMBER', '王五', '2024-01-21 12:00:00'),
(12, 2, 1005, 'MEMBER', '钱七', '2024-01-21 13:00:00'),
(13, 2, 1007, 'MEMBER', '周九', '2024-01-21 14:00:00'),
(14, 2, 1009, 'MEMBER', '郑十一', '2024-01-21 15:00:00'),
(15, 3, 1003, 'OWNER', '群主王五', '2024-01-22 10:00:00'),
(16, 3, 1001, 'MEMBER', '张三', '2024-01-22 11:00:00'),
(17, 3, 1004, 'MEMBER', '赵六', '2024-01-22 12:00:00'),
(18, 3, 1006, 'MEMBER', '孙八', '2024-01-22 13:00:00'),
(19, 3, 1008, 'MEMBER', '吴十', '2024-01-22 14:00:00'),
(20, 4, 1004, 'OWNER', '群主赵六', '2024-01-23 10:00:00'),
(21, 4, 1001, 'MEMBER', '张三', '2024-01-23 11:00:00'),
(22, 4, 1010, 'MEMBER', '王十二', '2024-01-23 12:00:00'),
(23, 4, 1015, 'MEMBER', '蒋十七', '2024-01-23 13:00:00'),
(24, 5, 1005, 'OWNER', '群主钱七', '2024-01-24 10:00:00'),
(25, 5, 1002, 'MEMBER', '李四', '2024-01-24 11:00:00'),
(26, 5, 1011, 'MEMBER', '冯十三', '2024-01-24 12:00:00'),
(27, 5, 1012, 'MEMBER', '陈十四', '2024-01-24 13:00:00'),
(28, 5, 1013, 'MEMBER', '楚十五', '2024-01-24 14:00:00');

-- ============================================
-- 会话测试数据
-- ============================================
INSERT INTO `im_conversation` (`id`, `conversation_type`, `owner_id`, `target_id`, `last_message`, `last_message_time`, `unread_count`, `is_top`, `is_mute`, `create_time`, `update_time`) VALUES
(1, 'SINGLE', 1001, 1002, '你好，最近怎么样？', '2024-12-31 09:55:00', 2, 0, 0, '2024-01-15 10:00:00', '2024-12-31 09:55:00'),
(2, 'SINGLE', 1001, 1003, '明天有空吗？', '2024-12-31 09:50:00', 0, 0, 0, '2024-01-16 10:00:00', '2024-12-31 09:50:00'),
(3, 'SINGLE', 1001, 1004, '周末回家吃饭', '2024-12-30 20:00:00', 1, 1, 0, '2024-01-17 10:00:00', '2024-12-30 20:00:00'),
(4, 'GROUP', 1001, 1, '大家好，欢迎加入技术交流群', '2024-12-31 09:45:00', 5, 0, 0, '2024-01-20 10:00:00', '2024-12-31 09:45:00'),
(5, 'GROUP', 1001, 2, '项目进度如何？', '2024-12-31 09:40:00', 0, 0, 1, '2024-01-21 10:00:00', '2024-12-31 09:40:00'),
(6, 'SINGLE', 1002, 1001, '收到，谢谢！', '2024-12-31 09:55:00', 0, 0, 0, '2024-01-15 10:00:00', '2024-12-31 09:55:00'),
(7, 'SINGLE', 1002, 1005, '周末一起打球', '2024-12-30 18:00:00', 3, 0, 0, '2024-01-18 10:00:00', '2024-12-30 18:00:00'),
(8, 'GROUP', 1002, 1, '技术分享会什么时候开始？', '2024-12-31 09:45:00', 2, 1, 0, '2024-01-20 10:00:00', '2024-12-31 09:45:00'),
(9, 'GROUP', 1002, 2, '我这边已经完成了', '2024-12-31 09:40:00', 0, 0, 0, '2024-01-21 10:00:00', '2024-12-31 09:40:00'),
(10, 'SINGLE', 1003, 1001, '有空，下午见', '2024-12-31 09:50:00', 0, 0, 0, '2024-01-16 10:00:00', '2024-12-31 09:50:00'),
(11, 'SINGLE', 1003, 1006, '代码已经提交了', '2024-12-30 22:00:00', 1, 0, 0, '2024-01-19 10:00:00', '2024-12-30 22:00:00'),
(12, 'GROUP', 1003, 1, 'Vue3的新特性很不错', '2024-12-31 09:45:00', 0, 0, 0, '2024-01-20 10:00:00', '2024-12-31 09:45:00'),
(13, 'GROUP', 1003, 3, '同学聚会定在什么时候？', '2024-12-30 19:00:00', 4, 0, 0, '2024-01-22 10:00:00', '2024-12-30 19:00:00'),
(14, 'SINGLE', 1004, 1001, '好的，到时候见', '2024-12-30 20:00:00', 0, 0, 0, '2024-01-17 10:00:00', '2024-12-30 20:00:00'),
(15, 'GROUP', 1004, 1, '大家注意安全', '2024-12-31 09:45:00', 1, 0, 0, '2024-01-20 10:00:00', '2024-12-31 09:45:00'),
(16, 'GROUP', 1004, 4, '妈妈做了好吃的', '2024-12-30 17:00:00', 0, 1, 0, '2024-01-23 10:00:00', '2024-12-30 17:00:00'),
(17, 'SINGLE', 1005, 1002, '好的，周末见', '2024-12-30 18:00:00', 0, 0, 0, '2024-01-18 10:00:00', '2024-12-30 18:00:00'),
(18, 'GROUP', 1005, 1, '分享一个学习资源', '2024-12-31 09:45:00', 0, 0, 0, '2024-01-20 10:00:00', '2024-12-31 09:45:00'),
(19, 'GROUP', 1005, 5, '这个周末去爬山吗？', '2024-12-30 16:00:00', 2, 0, 0, '2024-01-24 10:00:00', '2024-12-30 16:00:00'),
(20, 'SINGLE', 1006, 1003, '好的，我看看', '2024-12-30 22:00:00', 0, 0, 0, '2024-01-19 10:00:00', '2024-12-30 22:00:00');

-- ============================================
-- 消息测试数据
-- ============================================
INSERT INTO `im_message` (`id`, `conversation_id`, `sender_id`, `receiver_id`, `message_type`, `content`, `is_read`, `is_revoked`, `create_time`, `update_time`) VALUES
-- 单聊消息
(1, 1, 1001, 1002, 'TEXT', '你好，最近怎么样？', 1, 0, '2024-12-31 09:50:00', '2024-12-31 09:50:00'),
(2, 1, 1002, 1001, 'TEXT', '挺好的，你呢？', 1, 0, '2024-12-31 09:52:00', '2024-12-31 09:52:00'),
(3, 1, 1001, 1002, 'TEXT', '我也不错，最近在学Vue3', 1, 0, '2024-12-31 09:53:00', '2024-12-31 09:53:00'),
(4, 1, 1002, 1001, 'TEXT', 'Vue3确实不错，组合式API很方便', 1, 0, '2024-12-31 09:54:00', '2024-12-31 09:54:00'),
(5, 1, 1001, 1002, 'TEXT', '是的，TypeScript支持也很好', 0, 0, '2024-12-31 09:55:00', '2024-12-31 09:55:00'),
(6, 1, 1002, 1001, 'TEXT', '收到，谢谢！', 0, 0, '2024-12-31 09:55:00', '2024-12-31 09:55:00'),

(7, 2, 1001, 1003, 'TEXT', '明天有空吗？', 1, 0, '2024-12-31 09:48:00', '2024-12-31 09:48:00'),
(8, 2, 1003, 1001, 'TEXT', '有空，什么事？', 1, 0, '2024-12-31 09:49:00', '2024-12-31 09:49:00'),
(9, 2, 1001, 1003, 'TEXT', '想约你喝咖啡', 1, 0, '2024-12-31 09:50:00', '2024-12-31 09:50:00'),
(10, 2, 1003, 1001, 'TEXT', '有空，下午见', 1, 0, '2024-12-31 09:50:00', '2024-12-31 09:50:00'),

(11, 3, 1004, 1001, 'TEXT', '周末回家吃饭', 1, 0, '2024-12-30 19:50:00', '2024-12-30 19:50:00'),
(12, 3, 1001, 1004, 'TEXT', '好的，几点？', 1, 0, '2024-12-30 19:55:00', '2024-12-30 19:55:00'),
(13, 3, 1004, 1001, 'TEXT', '中午12点', 1, 0, '2024-12-30 20:00:00', '2024-12-30 20:00:00'),
(14, 3, 1004, 1001, 'TEXT', '妈妈做了好吃的', 0, 0, '2024-12-30 20:00:00', '2024-12-30 20:00:00'),

(15, 6, 1002, 1001, 'TEXT', '你好，最近怎么样？', 1, 0, '2024-12-31 09:50:00', '2024-12-31 09:50:00'),
(16, 6, 1001, 1002, 'TEXT', '挺好的，你呢？', 1, 0, '2024-12-31 09:52:00', '2024-12-31 09:52:00'),
(17, 6, 1002, 1001, 'TEXT', '我也不错，最近在学Vue3', 1, 0, '2024-12-31 09:53:00', '2024-12-31 09:53:00'),
(18, 6, 1001, 1002, 'TEXT', 'Vue3确实不错，组合式API很方便', 1, 0, '2024-12-31 09:54:00', '2024-12-31 09:54:00'),
(19, 6, 1002, 1001, 'TEXT', '是的，TypeScript支持也很好', 1, 0, '2024-12-31 09:55:00', '2024-12-31 09:55:00'),
(20, 6, 1001, 1002, 'TEXT', '收到，谢谢！', 1, 0, '2024-12-31 09:55:00', '2024-12-31 09:55:00'),

(21, 7, 1002, 1005, 'TEXT', '周末一起打球', 1, 0, '2024-12-30 17:50:00', '2024-12-30 17:50:00'),
(22, 7, 1005, 1002, 'TEXT', '好的，几点？', 1, 0, '2024-12-30 17:55:00', '2024-12-30 17:55:00'),
(23, 7, 1002, 1005, 'TEXT', '下午3点', 1, 0, '2024-12-30 18:00:00', '2024-12-30 18:00:00'),
(24, 7, 1005, 1002, 'TEXT', '好的，周末见', 0, 0, '2024-12-30 18:00:00', '2024-12-30 18:00:00'),
(25, 7, 1002, 1005, 'IMAGE', '/image/basketball.jpg', 0, 0, '2024-12-30 18:00:00', '2024-12-30 18:00:00'),
(26, 7, 1002, 1005, 'TEXT', '这是场地照片', 0, 0, '2024-12-30 18:00:00', '2024-12-30 18:00:00'),

(27, 10, 1003, 1001, 'TEXT', '明天有空吗？', 1, 0, '2024-12-31 09:48:00', '2024-12-31 09:48:00'),
(28, 10, 1001, 1003, 'TEXT', '有空，什么事？', 1, 0, '2024-12-31 09:49:00', '2024-12-31 09:49:00'),
(29, 10, 1003, 1001, 'TEXT', '想约你喝咖啡', 1, 0, '2024-12-31 09:50:00', '2024-12-31 09:50:00'),
(30, 10, 1001, 1003, 'TEXT', '有空，下午见', 1, 0, '2024-12-31 09:50:00', '2024-12-31 09:50:00'),

(31, 11, 1006, 1003, 'TEXT', '代码已经提交了', 1, 0, '2024-12-30 21:50:00', '2024-12-30 21:50:00'),
(32, 11, 1003, 1006, 'TEXT', '好的，我看看', 1, 0, '2024-12-30 22:00:00', '2024-12-30 22:00:00'),
(33, 11, 1006, 1003, 'TEXT', '有问题吗？', 0, 0, '2024-12-30 22:00:00', '2024-12-30 22:00:00'),

(34, 14, 1001, 1004, 'TEXT', '周末回家吃饭', 1, 0, '2024-12-30 19:50:00', '2024-12-30 19:50:00'),
(35, 14, 1004, 1001, 'TEXT', '好的，几点？', 1, 0, '2024-12-30 19:55:00', '2024-12-30 19:55:00'),
(36, 14, 1001, 1004, 'TEXT', '中午12点', 1, 0, '2024-12-30 20:00:00', '2024-12-30 20:00:00'),
(37, 14, 1004, 1001, 'TEXT', '好的，到时候见', 1, 0, '2024-12-30 20:00:00', '2024-12-30 20:00:00'),

(38, 17, 1005, 1002, 'TEXT', '周末一起打球', 1, 0, '2024-12-30 17:50:00', '2024-12-30 17:50:00'),
(39, 17, 1002, 1005, 'TEXT', '好的，几点？', 1, 0, '2024-12-30 17:55:00', '2024-12-30 17:55:00'),
(40, 17, 1005, 1002, 'TEXT', '下午3点', 1, 0, '2024-12-30 18:00:00', '2024-12-30 18:00:00'),
(41, 17, 1002, 1005, 'TEXT', '好的，周末见', 1, 0, '2024-12-30 18:00:00', '2024-12-30 18:00:00'),

(42, 20, 1003, 1006, 'TEXT', '代码已经提交了', 1, 0, '2024-12-30 21:50:00', '2024-12-30 21:50:00'),
(43, 20, 1006, 1003, 'TEXT', '好的，我看看', 1, 0, '2024-12-30 22:00:00', '2024-12-30 22:00:00'),

-- 群聊消息
(44, 4, 1001, NULL, 'TEXT', '大家好，欢迎加入技术交流群', 1, 0, '2024-12-31 09:40:00', '2024-12-31 09:40:00'),
(45, 4, 1002, NULL, 'TEXT', '谢谢群主邀请', 1, 0, '2024-12-31 09:41:00', '2024-12-31 09:41:00'),
(46, 4, 1003, NULL, 'TEXT', '很高兴加入', 1, 0, '2024-12-31 09:42:00', '2024-12-31 09:42:00'),
(47, 4, 1004, NULL, 'TEXT', '大家注意安全', 1, 0, '2024-12-31 09:43:00', '2024-12-31 09:43:00'),
(48, 4, 1005, NULL, 'TEXT', '分享一个学习资源', 1, 0, '2024-12-31 09:44:00', '2024-12-31 09:44:00'),
(49, 4, 1006, NULL, 'TEXT', 'Vue3的新特性很不错', 1, 0, '2024-12-31 09:45:00', '2024-12-31 09:45:00'),
(50, 4, 1007, NULL, 'TEXT', '确实，组合式API很好用', 0, 0, '2024-12-31 09:45:00', '2024-12-31 09:45:00'),
(51, 4, 1008, NULL, 'TEXT', 'TypeScript支持也很好', 0, 0, '2024-12-31 09:45:00', '2024-12-31 09:45:00'),
(52, 4, 1001, NULL, 'TEXT', '技术分享会什么时候开始？', 0, 0, '2024-12-31 09:45:00', '2024-12-31 09:45:00'),
(53, 4, 1002, NULL, 'TEXT', '下周六下午2点', 0, 0, '2024-12-31 09:45:00', '2024-12-31 09:45:00'),

(54, 5, 1002, NULL, 'TEXT', '项目进度如何？', 1, 0, '2024-12-31 09:35:00', '2024-12-31 09:35:00'),
(55, 5, 1001, NULL, 'TEXT', '我这边已经完成了', 1, 0, '2024-12-31 09:36:00', '2024-12-31 09:36:00'),
(56, 5, 1003, NULL, 'TEXT', '我也完成了', 1, 0, '2024-12-31 09:37:00', '2024-12-31 09:37:00'),
(57, 5, 1005, NULL, 'TEXT', '还在进行中', 1, 0, '2024-12-31 09:38:00', '2024-12-31 09:38:00'),
(58, 5, 1007, NULL, 'TEXT', '遇到一些问题', 1, 0, '2024-12-31 09:39:00', '2024-12-31 09:39:00'),
(59, 5, 1009, NULL, 'TEXT', '需要帮忙吗？', 1, 0, '2024-12-31 09:40:00', '2024-12-31 09:40:00'),

(60, 8, 1002, NULL, 'TEXT', '技术分享会什么时候开始？', 1, 0, '2024-12-31 09:40:00', '2024-12-31 09:40:00'),
(61, 8, 1001, NULL, 'TEXT', '下周六下午2点', 1, 0, '2024-12-31 09:41:00', '2024-12-31 09:41:00'),
(62, 8, 1003, NULL, 'TEXT', '好的，我会参加', 0, 0, '2024-12-31 09:45:00', '2024-12-31 09:45:00'),
(63, 8, 1005, NULL, 'TEXT', '我也参加', 0, 0, '2024-12-31 09:45:00', '2024-12-31 09:45:00'),

(64, 9, 1001, NULL, 'TEXT', '项目进度如何？', 1, 0, '2024-12-31 09:35:00', '2024-12-31 09:35:00'),
(65, 9, 1002, NULL, 'TEXT', '我这边已经完成了', 1, 0, '2024-12-31 09:36:00', '2024-12-31 09:36:00'),
(66, 9, 1003, NULL, 'TEXT', '我也完成了', 1, 0, '2024-12-31 09:37:00', '2024-12-31 09:37:00'),
(67, 9, 1005, NULL, 'TEXT', '还在进行中', 1, 0, '2024-12-31 09:38:00', '2024-12-31 09:38:00'),
(68, 9, 1007, NULL, 'TEXT', '遇到一些问题', 1, 0, '2024-12-31 09:39:00', '2024-12-31 09:39:00'),
(69, 9, 1009, NULL, 'TEXT', '需要帮忙吗？', 1, 0, '2024-12-31 09:40:00', '2024-12-31 09:40:00'),

(70, 12, 1001, NULL, 'TEXT', '大家好，欢迎加入技术交流群', 1, 0, '2024-12-31 09:40:00', '2024-12-31 09:40:00'),
(71, 12, 1002, NULL, 'TEXT', '谢谢群主邀请', 1, 0, '2024-12-31 09:41:00', '2024-12-31 09:41:00'),
(72, 12, 1003, NULL, 'TEXT', '很高兴加入', 1, 0, '2024-12-31 09:42:00', '2024-12-31 09:42:00'),
(73, 12, 1004, NULL, 'TEXT', '大家注意安全', 1, 0, '2024-12-31 09:43:00', '2024-12-31 09:43:00'),
(74, 12, 1005, NULL, 'TEXT', '分享一个学习资源', 1, 0, '2024-12-31 09:44:00', '2024-12-31 09:44:00'),
(75, 12, 1006, NULL, 'TEXT', 'Vue3的新特性很不错', 1, 0, '2024-12-31 09:45:00', '2024-12-31 09:45:00'),

(76, 13, 1003, NULL, 'TEXT', '同学聚会定在什么时候？', 1, 0, '2024-12-30 18:50:00', '2024-12-30 18:50:00'),
(77, 13, 1001, NULL, 'TEXT', '下周六晚上', 1, 0, '2024-12-30 18:55:00', '2024-12-30 18:55:00'),
(78, 13, 1004, NULL, 'TEXT', '好的，我会参加', 1, 0, '2024-12-30 19:00:00', '2024-12-30 19:00:00'),
(79, 13, 1006, NULL, 'TEXT', '我也参加', 1, 0, '2024-12-30 19:00:00', '2024-12-30 19:00:00'),
(80, 13, 1008, NULL, 'TEXT', '需要带什么东西吗？', 0, 0, '2024-12-30 19:00:00', '2024-12-30 19:00:00'),
(81, 13, 1003, NULL, 'TEXT', '带点零食就行', 0, 0, '2024-12-30 19:00:00', '2024-12-30 19:00:00'),
(82, 13, 1001, NULL, 'TEXT', '好的', 0, 0, '2024-12-30 19:00:00', '2024-12-30 19:00:00'),
(83, 13, 1004, NULL, 'TEXT', '没问题', 0, 0, '2024-12-30 19:00:00', '2024-12-30 19:00:00'),

(84, 15, 1001, NULL, 'TEXT', '大家好，欢迎加入技术交流群', 1, 0, '2024-12-31 09:40:00', '2024-12-31 09:40:00'),
(85, 15, 1002, NULL, 'TEXT', '谢谢群主邀请', 1, 0, '2024-12-31 09:41:00', '2024-12-31 09:41:00'),
(86, 15, 1003, NULL, 'TEXT', '很高兴加入', 1, 0, '2024-12-31 09:42:00', '2024-12-31 09:42:00'),
(87, 15, 1004, NULL, 'TEXT', '大家注意安全', 1, 0, '2024-12-31 09:43:00', '2024-12-31 09:43:00'),
(88, 15, 1005, NULL, 'TEXT', '分享一个学习资源', 1, 0, '2024-12-31 09:44:00', '2024-12-31 09:44:00'),
(89, 15, 1006, NULL, 'TEXT', 'Vue3的新特性很不错', 0, 0, '2024-12-31 09:45:00', '2024-12-31 09:45:00'),

(90, 16, 1004, NULL, 'TEXT', '妈妈做了好吃的', 1, 0, '2024-12-30 16:50:00', '2024-12-30 16:50:00'),
(91, 16, 1001, NULL, 'TEXT', '什么好吃的？', 1, 0, '2024-12-30 16:55:00', '2024-12-30 16:55:00'),
(92, 16, 1004, NULL, 'IMAGE', '/image/food.jpg', 1, 0, '2024-12-30 17:00:00', '2024-12-30 17:00:00'),
(93, 16, 1010, NULL, 'TEXT', '看起来不错', 1, 0, '2024-12-30 17:00:00', '2024-12-30 17:00:00'),
(94, 16, 1015, NULL, 'TEXT', '我也想吃', 1, 0, '2024-12-30 17:00:00', '2024-12-30 17:00:00'),

(95, 18, 1001, NULL, 'TEXT', '大家好，欢迎加入技术交流群', 1, 0, '2024-12-31 09:40:00', '2024-12-31 09:40:00'),
(96, 18, 1002, NULL, 'TEXT', '谢谢群主邀请', 1, 0, '2024-12-31 09:41:00', '2024-12-31 09:41:00'),
(97, 18, 1003, NULL, 'TEXT', '很高兴加入', 1, 0, '2024-12-31 09:42:00', '2024-12-31 09:42:00'),
(98, 18, 1004, NULL, 'TEXT', '大家注意安全', 1, 0, '2024-12-31 09:43:00', '2024-12-31 09:43:00'),
(99, 18, 1005, NULL, 'TEXT', '分享一个学习资源', 1, 0, '2024-12-31 09:44:00', '2024-12-31 09:44:00'),
(100, 18, 1006, NULL, 'TEXT', 'Vue3的新特性很不错', 1, 0, '2024-12-31 09:45:00', '2024-12-31 09:45:00'),

(101, 19, 1005, NULL, 'TEXT', '这个周末去爬山吗？', 1, 0, '2024-12-30 15:50:00', '2024-12-30 15:50:00'),
(102, 19, 1002, NULL, 'TEXT', '好啊，去哪里？', 1, 0, '2024-12-30 15:55:00', '2024-12-30 15:55:00'),
(103, 19, 1005, NULL, 'TEXT', '西山公园', 1, 0, '2024-12-30 16:00:00', '2024-12-30 16:00:00'),
(104, 19, 1011, NULL, 'TEXT', '我也去', 1, 0, '2024-12-30 16:00:00', '2024-12-30 16:00:00'),
(105, 19, 1012, NULL, 'TEXT', '我也要去', 0, 0, '2024-12-30 16:00:00', '2024-12-30 16:00:00'),
(106, 19, 1013, NULL, 'TEXT', '几点出发？', 0, 0, '2024-12-30 16:00:00', '2024-12-30 16:00:00');

-- ============================================
-- 好友申请测试数据
-- ============================================
INSERT INTO `im_friend_request` (`id`, `user_id`, `target_id`, `message`, `status`, `create_time`, `update_time`) VALUES
(1, 1001, 1007, '我是张三，加个好友吧', 'PENDING', '2024-12-30 10:00:00', '2024-12-30 10:00:00'),
(2, 1007, 1001, '我是张三，加个好友吧', 'PENDING', '2024-12-30 10:00:00', '2024-12-30 10:00:00'),
(3, 1008, 1010, '你好，想认识一下', 'ACCEPTED', '2024-12-25 10:00:00', '2024-12-25 11:00:00'),
(4, 1010, 1008, '你好，想认识一下', 'ACCEPTED', '2024-12-25 10:00:00', '2024-12-25 11:00:00'),
(5, 1011, 1014, '朋友推荐加你', 'REJECTED', '2024-12-20 10:00:00', '2024-12-20 12:00:00'),
(6, 1015, 1018, '同事介绍', 'PENDING', '2024-12-29 10:00:00', '2024-12-29 10:00:00'),
(7, 1018, 1015, '同事介绍', 'PENDING', '2024-12-29 10:00:00', '2024-12-29 10:00:00'),
(8, 1019, 1020, '同学聚会认识', 'ACCEPTED', '2024-12-28 10:00:00', '2024-12-28 11:00:00'),
(9, 1020, 1019, '同学聚会认识', 'ACCEPTED', '2024-12-28 10:00:00', '2024-12-28 11:00:00');

-- ============================================
-- 消息已读状态测试数据
-- ============================================
INSERT INTO `im_message_read` (`id`, `message_id`, `user_id`, `read_time`) VALUES
(1, 44, 1002, '2024-12-31 09:41:00'),
(2, 44, 1003, '2024-12-31 09:42:00'),
(3, 44, 1004, '2024-12-31 09:43:00'),
(4, 44, 1005, '2024-12-31 09:44:00'),
(5, 44, 1006, '2024-12-31 09:45:00'),
(6, 45, 1001, '2024-12-31 09:41:00'),
(7, 45, 1003, '2024-12-31 09:42:00'),
(8, 45, 1004, '2024-12-31 09:43:00'),
(9, 45, 1005, '2024-12-31 09:44:00'),
(10, 45, 1006, '2024-12-31 09:45:00'),
(11, 54, 1001, '2024-12-31 09:36:00'),
(12, 54, 1003, '2024-12-31 09:37:00'),
(13, 54, 1005, '2024-12-31 09:38:00'),
(14, 54, 1007, '2024-12-31 09:39:00'),
(15, 54, 1009, '2024-12-31 09:40:00'),
(16, 76, 1001, '2024-12-30 18:55:00'),
(17, 76, 1004, '2024-12-30 19:00:00'),
(18, 76, 1006, '2024-12-30 19:00:00'),
(19, 90, 1001, '2024-12-30 16:55:00'),
(20, 90, 1010, '2024-12-30 17:00:00'),
(21, 90, 1015, '2024-12-30 17:00:00');
